{
  "source": "human_drive_v1",
  "scene_index": 916174,
  "scene_attempt": 0,
  "route_path_index": 874,
  "route_path": [
    [
      0.9999457597732544,
      0.006914048455655575,
      0.005186885129660368
    ],
    [
      1.9961789846420288,
      0.014109090901911259,
      0.010142180137336254
    ],
    [
      2.9960291385650635,
      0.023151282221078873,
      0.015049952082335949
    ],
    [
      3.9957854747772217,
      0.03710705414414406,
      0.019738338887691498
    ],
    [
      4.9902191162109375,
      0.058999668806791306,
      0.024021081626415253
    ],
    [
      5.981691837310791,
      0.08479345589876175,
      0.02808556891977787
    ],
    [
      6.9810967445373535,
      0.1124677062034607,
      0.03199411928653717
    ],
    [
      7.980287551879883,
      0.14482206106185913,
      0.03551110625267029
    ],
    [
      8.979097366333008,
      0.18439148366451263,
      0.03881866857409477
    ],
    [
      9.977879524230957,
      0.22335058450698853,
      0.04179511219263077
    ],
    [
      10.976371765136719,
      0.2661842703819275,
      0.04455003887414932
    ],
    [
      11.970919609069824,
      0.31133681535720825,
      0.04698563367128372
    ],
    [
      12.966019630432129,
      0.357550710439682,
      0.049052562564611435
    ],
    [
      13.964123725891113,
      0.4064410626888275,
      0.05072999373078346
    ],
    [
      14.96019458770752,
      0.4567640721797943,
      0.05206754431128502
    ],
    [
      15.958049774169922,
      0.5090876817703247,
      0.05288233235478401
    ],
    [
      16.95484733581543,
      0.5608441233634949,
      0.053198158740997314
    ],
    [
      17.952524185180664,
      0.6147332191467285,
      0.0531630776822567
    ],
    [
      18.950326919555664,
      0.666588306427002,
      0.05255357548594475
    ],
    [
      19.94837188720703,
      0.7173593640327454,
      0.05071704462170601
    ],
    [
      20.939361572265625,
      0.7643782496452332,
      0.0473811961710453
    ],
    [
      21.934326171875,
      0.8082717061042786,
      0.041953444480895996
    ],
    [
      22.933137893676758,
      0.8442419171333313,
      0.032654233276844025
    ],
    [
      23.924518585205078,
      0.8720147013664246,
      0.019327832385897636
    ],
    [
      24.920381546020508,
      0.8803505301475525,
      -7.469372940249741e-05
    ],
    [
      25.91755485534668,
      0.8674943447113037,
      -0.026131046935915947
    ],
    [
      26.915496826171875,
      0.8237121105194092,
      -0.059238459914922714
    ],
    [
      27.90782928466797,
      0.7451597452163696,
      -0.10067228227853775
    ],
    [
      28.896543502807617,
      0.6215309500694275,
      -0.15164069831371307
    ],
    [
      29.874208450317383,
      0.43765267729759216,
      -0.21230410039424896
    ],
    [
      30.83833885192871,
      0.1993456333875656,
      -0.2833496332168579
    ],
    [
      31.78012466430664,
      -0.11524923145771027,
      -0.3671058416366577
    ],
    [
      32.693546295166016,
      -0.5075798034667969,
      -0.46221742033958435
    ],
    [
      33.56200408935547,
      -0.9921297430992126,
      -0.567298412322998
    ],
    [
      34.37504577636719,
      -1.5647289752960205,
      -0.6759786605834961
    ],
    [
      35.122154235839844,
      -2.2218496799468994,
      -0.7865453958511353
    ],
    [
      35.79310989379883,
      -2.956657886505127,
      -0.8957808613777161
    ],
    [
      36.380977630615234,
      -3.7586963176727295,
      -1.0023994445800781
    ],
    [
      36.88259506225586,
      -4.616946220397949,
      -1.103093147277832
    ],
    [
      37.29923629760742,
      -5.519697189331055,
      -1.1965789794921875
    ],
    [
      37.636131286621094,
      -6.45432710647583,
      -1.2782468795776367
    ],
    [
      37.896907806396484,
      -7.413866996765137,
      -1.3491986989974976
    ],
    [
      38.10368347167969,
      -8.385160446166992,
      -1.4073832035064697
    ],
    [
      38.24787521362305,
      -9.366893768310547,
      -1.452214002609253
    ],
    [
      38.36329650878906,
      -10.351628303527832,
      -1.489107608795166
    ],
    [
      38.44192886352539,
      -11.337841987609863,
      -1.5155872106552124
    ],
    [
      38.496612548828125,
      -12.324287414550781,
      -1.5344297885894775
    ],
    [
      38.5394401550293,
      -13.310221672058105,
      -1.5487749576568604
    ],
    [
      38.56575012207031,
      -14.29520320892334,
      -1.5571367740631104
    ],
    [
      38.58528518676758,
      -15.279341697692871,
      -1.5622060298919678
    ]
  ],
  "goal_xy": [
    38.58528518676758,
    -15.279341697692871
  ],
  "ego_size_xy": [
    4.8,
    2.0
  ],
  "dt": 0.2,
  "wheelbase": 2.8,
  "obstacles": [
    {
      "id": "obs0",
      "center_xy": [
        34.06462097167969,
        -12.952127456665039
      ],
      "size_xy": [
        5.118669857225674,
        4.171061427904581
      ],
      "velocity_xy": [
        2.213416576385498,
        -2.5330755710601807
      ]
    },
    {
      "id": "obs1",
      "center_xy": [
        34.29767608642578,
        -8.294876098632812
      ],
      "size_xy": [
        5.778317691292909,
        4.544269521166947
      ],
      "velocity_xy": [
        1.2973283529281616,
        1.3046073913574219
      ]
    },
    {
      "id": "obs2",
      "center_xy": [
        38.714317321777344,
        -11.34201431274414
      ],
      "size_xy": [
        6.990125732996357,
        2.6306924411616235
      ],
      "velocity_xy": [
        3.264883041381836,
        0.5829258561134338
      ]
    },
    {
      "id": "obs3",
      "center_xy": [
        39.21078872680664,
        -9.641223907470703
      ],
      "size_xy": [
        7.643624830166207,
        2.0819353747575655
      ],
      "velocity_xy": [
        -0.6994212865829468,
        2.516578197479248
      ]
    }
  ],
  "status": "goal_reached",
  "steps": [
    {
      "step": 0,
      "time_s": 0.2,
      "action": {
        "key": "=+d",
        "accel": 0.0,
        "steer": -0.20943951023931956
      },
      "ego_before": {
        "x": 0.0,
        "y": 0.0,
        "yaw": 0.0,
        "speed": 9.360160041030802
      },
      "ego_after": {
        "x": 1.8531602765020225,
        "y": -0.2651430356304642,
        "yaw": -0.14211167392876006,
        "speed": 9.360160041030802
      },
      "collision": false,
      "goal_reached": false
    },
    {
      "step": 1,
      "time_s": 0.4,
      "action": {
        "key": "=+d",
        "accel": 0.0,
        "steer": -0.20943951023931956
      },
      "ego_before": {
        "x": 1.8531602765020225,
        "y": -0.2651430356304642,
        "yaw": -0.14211167392876006,
        "speed": 9.360160041030802
      },
      "ego_after": {
        "x": 3.65008584525077,
        "y": -0.7900833561673615,
        "yaw": -0.2842233478575201,
        "speed": 9.360160041030802
      },
      "collision": false,
      "goal_reached": false
    },
    {
      "step": 2,
      "time_s": 0.6000000000000001,
      "action": {
        "key": "=+w",
        "accel": 0.0,
        "steer": 0.0
      },
      "ego_before": {
        "x": 3.65008584525077,
        "y": -0.7900833561673615,
        "yaw": -0.2842233478575201,
        "speed": 9.360160041030802
      },
      "ego_after": {
        "x": 5.447011413999517,
        "y": -1.315023676704259,
        "yaw": -0.2842233478575201,
        "speed": 9.360160041030802
      },
      "collision": false,
      "goal_reached": false
    },
    {
      "step": 3,
      "time_s": 0.8,
      "action": {
        "key": "=+w",
        "accel": 0.0,
        "steer": 0.0
      },
      "ego_before": {
        "x": 5.447011413999517,
        "y": -1.315023676704259,
        "yaw": -0.2842233478575201,
        "speed": 9.360160041030802
      },
      "ego_after": {
        "x": 7.243936982748265,