{
  "source": "human_drive_v1",
  "scene_mode": "straight",
  "scene_index": 52523,
  "scene_attempt": 0,
  "route_path_index": 461,
  "route_path": [
    [
      0.999052107334137,
      0.043529871851205826,
      0.07263457775115967
    ],
    [
      1.9907957315444946,
      0.16008128225803375,
      0.16049940884113312
    ],
    [
      2.9660861492156982,
      0.36987054347991943,
      0.26844632625579834
    ],
    [
      3.911893129348755,
      0.6885717511177063,
      0.3976014256477356
    ],
    [
      4.804548740386963,
      1.1393111944198608,
      0.5413249135017395
    ],
    [
      5.623570442199707,
      1.7117165327072144,
      0.6881850957870483
    ],
    [
      6.371293544769287,
      2.3731977939605713,
      0.838529646396637
    ],
    [
      7.004549026489258,
      3.1425271034240723,
      0.985340416431427
    ],
    [
      7.5127129554748535,
      4.00153112411499,
      1.1143102645874023
    ],
    [
      7.923976421356201,
      4.9122419357299805,
      1.2106298208236694
    ],
    [
      8.264349937438965,
      5.85206413269043,
      1.2674516439437866
    ],
    [
      8.556248664855957,
      6.8082499504089355,
      1.2841585874557495
    ],
    [
      8.847997665405273,
      7.764685153961182,
      1.2684955596923828
    ],
    [
      9.168088912963867,
      8.711894035339355,
      1.2198175191879272
    ],
    [
      9.548978805541992,
      9.635287284851074,
      1.1361918449401855
    ],
    [
      10.01613998413086,
      10.517720222473145,
      1.021918773651123
    ],
    [
      10.589911460876465,
      11.332592010498047,
      0.8749710917472839
    ],
    [
      11.29357624053955,
      12.037603378295898,
      0.6939443945884705
    ],
    [
      12.11318302154541,
      12.60322093963623,
      0.498726487159729
    ],
    [
      13.02529239654541,
      13.0020112991333,
      0.30011606216430664
    ],
    [
      13.99819564819336,
      13.213583946228027,
      0.10806190222501755
    ],
    [
      14.99553108215332,
      13.241474151611328,
      -0.06553693115711212
    ],
    [
      15.987873077392578,
      13.120112419128418,
      -0.216643825173378
    ],
    [
      16.951526641845703,
      12.852959632873535,
      -0.34305837750434875
    ],
    [
      17.872278213500977,
      12.467463493347168,
      -0.4471762180328369
    ],
    [
      18.75301742553711,
      11.997528076171875,
      -0.5391160845756531
    ],
    [
      19.596559524536133,
      11.462078094482422,
      -0.6190975308418274
    ],
    [
      20.396446228027344,
      10.861926078796387,
      -0.6774759888648987
    ],
    [
      21.15708351135254,
      10.213314056396484,
      -0.7202011942863464
    ],
    [
      21.89497184753418,
      9.538902282714844,
      -0.7567524313926697
    ],
    [
      22.612255096435547,
      8.842119216918945,
      -0.788968563079834
    ],
    [
      23.297870635986328,
      8.114188194274902,
      -0.8127108216285706
    ],
    [
      23.972026824951172,
      7.375739097595215,
      -0.8337832689285278
    ],
    [
      24.635080337524414,
      6.627180099487305,
      -0.8522647619247437
    ],
    [
      25.279054641723633,
      5.862132549285889,
      -0.8653029799461365
    ],
    [
      25.919713973999023,
      5.094315052032471,
      -0.875395655632019
    ],
    [
      26.555997848510742,
      4.322876453399658,
      -0.882541298866272
    ],
    [
      27.185638427734375,
      3.545989990234375,
      -0.8865711092948914
    ],
    [
      27.806182861328125,
      2.7618234157562256,
      -0.8894323706626892
    ],
    [
      28.432445526123047,
      1.982222557067871,
      -0.8923553228378296
    ],
    [
      29.052101135253906,
      1.1973686218261719,
      -0.8954074382781982
    ],
    [
      29.66874122619629,
      0.41029271483421326,
      -0.8965529203414917
    ],
    [
      30.276844024658203,
      -0.3834669589996338,
      -0.8990871906280518
    ],
    [
      30.90071678161621,
      -1.1648879051208496,
      -0.8946548700332642
    ],
    [
      31.542335510253906,
      -1.9319076538085938,
      -0.8802459836006165
    ],
    [
      32.188114166259766,
      -2.6954329013824463,
      -0.8529683351516724
    ],
    [
      32.85786437988281,
      -3.4379615783691406,
      -0.8126043081283569
    ],
    [
      33.550594329833984,
      -4.158636093139648,
      -0.7690346837043762
    ],
    [
      34.2645149230957,
      -4.858654499053955,
      -0.7230744957923889
    ],
    [
      35.03218460083008,
      -5.4994988441467285,
      -0.6662100553512573
    ]
  ],
  "goal_xy": [
    35.03218460083008,
    -5.4994988441467285
  ],
  "ego_size_xy": [
    4.8,
    2.0
  ],
  "dt": 0.2,
  "wheelbase": 2.8,
  "obstacles": [
    {
      "id": "obs0",
      "center_xy": [
        30.709186553955078,
        -8.651341438293457
      ],
      "size_xy": [
        4.186355360398154,
        2.727437899710242
      ],
      "velocity_xy": [
        2.0408411026000977,
        0.06981443613767624
      ]
    },
    {
      "id": "obs1",
      "center_xy": [
        22.840118408203125,
        7.430506706237793
      ],
      "size_xy": [
        7.6029476794629804,
        3.623268934710586
      ],
      "velocity_xy": [
        3.90938401222229,
        -0.1441059112548828
      ]
    },
    {
      "id": "obs2",
      "center_xy": [
        28.074615478515625,
        9.400216102600098
      ],
      "size_xy": [
        7.6898621811942185,
        3.8162034301467074
      ],
      "velocity_xy": [
        1.7995688915252686,
        0.43325623869895935
      ]
    },
    {
      "id": "obs3",
      "center_xy": [
        17.17915153503418,
        5.452006816864014
      ],
      "size_xy": [
        4.049226220490258,
        2.1784158570312355
      ],
      "velocity_xy": [
        0.7987152338027954,
        0.16675348579883575
      ]
    },
    {
      "id": "obs4",
      "center_xy": [
        10.0,
        9.980838775634766
      ],
      "size_xy": [
        4.441524509583445,
        2.2561844550667183
      ],
      "velocity_xy": [
        3.379607915878296,
        -0.0875084176659584
      ]
    }
  ],
  "status": "goal_reached",
  "steps": [
    {
      "step": 0,
      "time_s": 0.2,
      "action": {
        "key": "++w",
        "accel": 1.5,
        "steer": 0.0
      },
      "ego_before": {
        "x": 0.0,
        "y": 0.0,
        "yaw": 0.0,
        "speed": 7.159195883277115
      },
      "ego_after": {
        "x": 1.461839176655423,
        "y": 0.0,
        "yaw": 0.0,
        "speed": 7.459195883277115
      },
      "collision": false,
      "goal_reached": false
    },
    {
      "step": 1,
      "time_s": 0.4,
      "action": {
        "key": "++w",
        "accel": 1.5,
        "steer": 0.0
      },
      "ego_before": {
        "x": 1.461839176655423,
        "y": 0.0,
        "yaw": 0.0,
        "speed": 7.459195883277115
      },
      "ego_after": {
        "x": 2.983678353310846,
        "y": 0.0,
        "yaw": 0.0,
        "speed": 7.759195883277115
      },
      "collision": false,
      "goal_reached": false
    },
    {
      "step": 2,
      "time_s": 0.6000000000000001,
      "action": {
        "key": "++d",
        "accel": 1.5,
        "steer": -0.20943951023931956
      },
      "ego_before": {
        "x": 2.983678353310846,
        "y": 0.0,
        "yaw": 0.0,
        "speed": 7.759195883277115
      },
      "ego_after": {
        "x": 4.554553848593647,
        "y": -0.18591761380224525,
        "yaw": -0.117804857019541,
        "speed": 8.059195883277114
      },
      "collision": false,
      "goal_reached": false
    },
    {
      "step": 3,
      "time_s": 0.8,
      "action": {
        "key": "=+w",
        "accel": 0.0,
        "steer": 0.0
      },
      "ego_before": {
        "x": 4.554553848593647,
        "y": -0.18591761380224525,
        "yaw": -0.117804857019541,