{
  "source": "human_drive_v1",
  "scene_mode": "straight",
  "scene_index": 168064,
  "scene_attempt": 0,
  "route_path_index": 233,
  "route_path": [
    [
      0.9954537153244019,
      -0.09333600848913193,
      -0.0829124003648758
    ],
    [
      1.9909074306488037,
      -0.18667201697826385,
      -0.1658248007297516
    ],
    [
      2.9668471813201904,
      -0.3841457962989807,
      -0.2409043312072754
    ],
    [
      3.9272730350494385,
      -0.6594156622886658,
      -0.30928611755371094
    ],
    [
      4.880175590515137,
      -0.9570643901824951,
      -0.37476399540901184
    ],
    [
      5.796840190887451,
      -1.3527897596359253,
      -0.4271596074104309
    ],
    [
      6.7060227394104,
      -1.7665913105010986,
      -0.47737351059913635
    ],
    [
      7.594152450561523,
      -2.2230231761932373,
      -0.5215492844581604
    ],
    [
      8.456072807312012,
      -2.7285919189453125,
      -0.5547140836715698
    ],
    [
      9.309734344482422,
      -3.2483248710632324,
      -0.5854768753051758
    ],
    [
      10.139265060424805,
      -3.8053903579711914,
      -0.6107845902442932
    ],
    [
      10.955644607543945,
      -4.3825297355651855,
      -0.6320376992225647
    ],
    [
      11.765617370605469,
      -4.968287467956543,
      -0.6500601172447205
    ],
    [
      12.55799388885498,
      -5.577779769897461,
      -0.6573731303215027
    ],
    [
      13.349103927612305,
      -6.188882827758789,
      -0.6637231707572937
    ],
    [
      14.135891914367676,
      -6.805617809295654,
      -0.6648823618888855
    ],
    [
      14.920402526855469,
      -7.425209045410156,
      -0.6644267439842224
    ],
    [
      15.706385612487793,
      -8.043058395385742,
      -0.6623483300209045
    ],
    [
      16.490570068359375,
      -8.662860870361328,
      -0.6577891707420349
    ],
    [
      17.278656005859375,
      -9.277424812316895,
      -0.6517461538314819
    ],
    [
      18.075931549072266,
      -9.879751205444336,
      -0.6417023539543152
    ],
    [
      18.88341522216797,
      -10.467350959777832,
      -0.6282095313072205
    ],
    [
      19.687576293945312,
      -11.027778625488281,
      -0.6004647612571716
    ],
    [
      20.500934600830078,
      -11.536951065063477,
      -0.5621728897094727
    ],
    [
      21.33185386657715,
      -12.034148216247559,
      -0.4930500090122223
    ],
    [
      22.220195770263672,
      -12.479853630065918,
      -0.41367968916893005
    ],
    [
      23.13957977294922,
      -12.856066703796387,
      -0.32533639669418335
    ],
    [
      24.088890075683594,
      -13.145405769348145,
      -0.23160101473331451
    ],
    [
      25.06413459777832,
      -13.33388900756836,
      -0.1329939067363739
    ],
    [
      26.052650451660156,
      -13.43366527557373,
      -0.03312349319458008
    ],
    [
      27.046669006347656,
      -13.430376052856445,
      0.0685582309961319
    ],
    [
      28.035425186157227,
      -13.334428787231445,
      0.17077158391475677
    ],
    [
      29.008743286132812,
      -13.13935661315918,
      0.27483031153678894
    ],
    [
      29.958812713623047,
      -12.840921401977539,
      0.37919360399246216
    ],
    [
      30.867008209228516,
      -12.439717292785645,
      0.48153042793273926
    ],
    [
      31.735517501831055,
      -11.957643508911133,
      0.5819032192230225
    ],
    [
      32.550628662109375,
      -11.385431289672852,
      0.6779435276985168
    ],
    [
      33.30670928955078,
      -10.741240501403809,
      0.7704784274101257
    ],
    [
      33.997825622558594,
      -10.026166915893555,
      0.8583120107650757
    ],
    [
      34.62501907348633,
      -9.25051212310791,
      0.9407731294631958
    ],
    [
      35.195064544677734,
      -8.436347007751465,
      1.0175700187683105
    ],
    [
      35.68700408935547,
      -7.5700602531433105,
      1.084919810295105
    ],
    [
      36.13520812988281,
      -6.678678512573242,
      1.146004557609558
    ],
    [
      36.52860641479492,
      -5.764155387878418,
      1.19820237159729
    ],
    [
      36.87256622314453,
      -4.827600479125977,
      1.241402506828308
    ],
    [
      37.1829719543457,
      -3.878885269165039,
      1.2778810262680054
    ],
    [
      37.46672821044922,
      -2.923011302947998,
      1.3088963031768799
    ],
    [
      37.7145881652832,
      -1.955932855606079,
      1.334167718887329
    ],
    [
      37.94356918334961,
      -0.9838139414787292,
      1.3546109199523926
    ],
    [
      38.1578483581543,
      -0.008918573148548603,
      1.3712536096572876
    ]
  ],
  "goal_xy": [
    38.1578483581543,
    -0.008918573148548603
  ],
  "ego_size_xy": [
    4.8,
    2.0
  ],
  "dt": 0.2,
  "wheelbase": 2.8,
  "obstacles": [
    {
      "id": "obs0",
      "center_xy": [
        26.216943740844727,
        -10.0
      ],
      "size_xy": [
        5.263932835668642,
        3.270877534466341
      ],
      "velocity_xy": [
        2.6950483322143555,
        0.3088284432888031
      ]
    },
    {
      "id": "obs1",
      "center_xy": [
        17.45171546936035,
        -10.0
      ],
      "size_xy": [
        6.930860030475725,
        4.359634276829125
      ],
      "velocity_xy": [
        3.607037305831909,
        0.07483624666929245
      ]
    },
    {
      "id": "obs2",
      "center_xy": [
        36.20604705810547,
        -1.1445469856262207
      ],
      "size_xy": [
        7.655998808984337,
        3.26306353935267
      ],
      "velocity_xy": [
        2.509467601776123,
        0.022183209657669067
      ]
    },
    {
      "id": "obs3",
      "center_xy": [
        33.777679443359375,
        -10.0
      ],
      "size_xy": [
        7.945283680907116,
        2.7688245681411305
      ],
      "velocity_xy": [
        0.7132855653762817,
        -0.15539957582950592
      ]
    },
    {
      "id": "obs4",
      "center_xy": [
        24.79508399963379,
        -10.0
      ],
      "size_xy": [
        3.873570206684209,
        3.284844136726033
      ],
      "velocity_xy": [
        3.40592885017395,
        -0.2990318536758423
      ]
    },
    {
      "id": "obs5",
      "center_xy": [
        31.715871810913086,
        -10.0
      ],
      "size_xy": [
        7.718962600830108,
        3.923108982248704
      ],
      "velocity_xy": [
        2.017245292663574,
        0.42488494515419006
      ]
    },
    {
      "id": "obs6",
      "center_xy": [
        34.616973876953125,
        0.7960102558135986
      ],
      "size_xy": [
        5.992476986888475,
        3.7970879540140676
      ],
      "velocity_xy": [
        2.576648473739624,
        0.09375139325857162
      ]
    }
  ],
  "status": "goal_reached",
  "steps": [
    {
      "step": 0,
      "time_s": 0.2,
      "action": {
        "key": "++w",
        "accel": 1.5,
        "steer": 0.0
      },
      "ego_before": {
        "x": 0.0,
        "y": 0.0,
        "yaw": 0.0,
        "speed": 7.195116270265801
      },
      "ego_after": {
        "x": 1.4690232540531605,
        "y": 0.0,
        "yaw": 0.0,
        "speed": 7.495116270265801
      },
      "collision": false,
      "goal_reached": false
    },
    {
      "step": 1,
      "time_s": 0.4,
      "action": {
        "key": "++w",
        "accel": 1.5,
        "steer": 0.0
      },
      "ego_before": {
        "x": 1.4690232540531605,
        "y": 0.0,
        "yaw": 0.0,
        "speed": 7.495116270265801
      },
      "ego_after": {
        "x": 2.998046508106321,
        "y": 0.0,
        "yaw": 0.0,
        "speed": 7.795116270265801
      },
      "collision": false,
      "goal_reached": false
    },
    {
      "step": 2,
      "time_s": 0.6000000000000001,
      "action": {
        "key": "++w",
        "accel": 1.5,
        "steer": 0.0
      },
      "ego_before": {
        "x": 2.998046508106321,
        "y": 0.0,
        "yaw": 0.0,